Name,SMILES
enalapril,CCOC(=O)C(CCC1=CC=CC=C1)NC(C)C(=O)N2CCCC2C(=O)O
lisinopril,C1CC(N(C1)C(=O)C(CCCCN)NC(CCC2=CC=CC=C2)C(=O)O)C(=O)O
perindopril,CCCC(C(=O)OCC)NC(C)C(=O)N1C2CCCCC2CC1C(=O)O
ramipril,CCOC(=O)C(CCC1=CC=CC=C1)NC(C)C(=O)N2C3CCCC3CC2C(=O)O
quinapril,CCOC(=O)C(CCC1=CC=CC=C1)NC(C)C(=O)N2CC3=CC=CC=C3CC2C(=O)O
benazepril,CCOC(=O)C(CCC1=CC=CC=C1)NC2CCC3=CC=CC=C3N(C2=O)CC(=O)O
moexipril,CCOC(=O)C(CCC1=CC=CC=C1)NC(C)C(=O)N2CC3=CC(=C(C=C3CC2C(=O)O)OC)OC
trandolapril,CCOC(=O)C(CCC1=CC=CC=C1)NC(C)C(=O)N2C3CCCCC3CC2C(=O)O
captopril,CC(CS)C(=O)N1CCCC1C(=O)O
fosinopril,CCC(=O)OC(C(C)C)OP(=O)(CCCCC1=CC=CC=C1)CC(=O)N2CC(CC2C(=O)O)C3CCCCC3
telmisartan,CCCC1=NC2=C(N1CC3=CC=C(C=C3)C4=CC=CC=C4C(=O)O)C=C(C=C2C)C5=NC6=CC=CC=C6N5C
valsartan,CCCCC(=O)N(CC1=CC=C(C=C1)C2=CC=CC=C2C3=NNN=N3)C(C(C)C)C(=O)O
irbesartan,CCCCC1=NC2(CCCC2)C(=O)N1CC3=CC=C(C=C3)C4=CC=CC=C4C5=NNN=N5
losartan,CCCCC1=NC(=C(N1CC2=CC=C(C=C2)C3=CC=CC=C3C4=NNN=N4)CO)Cl
olmesartan,CCCC1=NC(=C(N1CC2=CC=C(C=C2)C3=CC=CC=C3C4=NNN=N4)C(=O)O)C(C)(C)O
azilsartan,CCOC1=NC2=CC=CC(=C2N1CC3=CC=C(C=C3)C4=CC=CC=C4C5=NOC(=O)N5)C(=O)O
eprosartan,CCCCC1=NC=C(N1CC2=CC=C(C=C2)C(=O)O)C=C(CC3=CC=CS3)C(=O)O
candesartan,CCOC1=NC2=CC=CC(=C2N1CC3=CC=C(C=C3)C4=CC=CC=C4C5=NNN=N5)C(=O)O
nifedipine,CC1=C(C(C(=C(N1)C)C(=O)OC)C2=CC=CC=C2[N+](=O)[O-])C(=O)OC
felodipine,CCOC(=O)C1=C(NC(=C(C1C2=C(C(=CC=C2)Cl)Cl)C(=O)OC)C)C
nicardipine,CC1=C(C(C(=C(N1)C)C(=O)OCCN(C)CC2=CC=CC=C2)C3=CC(=CC=C3)[N+](=O)[O-])C(=O)OC
nimodipine,CC1=C(C(C(=C(N1)C)C(=O)OC(C)C)C2=CC(=CC=C2)[N+](=O)[O-])C(=O)OCCOC
amlodipine,CCOC(=O)C1=C(NC(=C(C1C2=CC=CC=C2Cl)C(=O)OC)C)COCCN
isradipine,CC1=C(C(C(=C(N1)C)C(=O)OC(C)C)C2=CC=CC3=NON=C32)C(=O)OC
lacidipine,CCOC(=O)C1=C(NC(=C(C1C2=CC=CC=C2C=CC(=O)OC(C)(C)C)C(=O)OCC)C)C
lercanidipine,CC1=C(C(C(=C(N1)C)C(=O)OC(C)(C)CN(C)CCC(C2=CC=CC=C2)C3=CC=CC=C3)C4=CC(=CC=C4)[N+](=O)[O-])C(=O)OC
manidipine,CC1=C(C(C(=C(N1)C)C(=O)OCCN2CCN(CC2)C(C3=CC=CC=C3)C4=CC=CC=C4)C5=CC(=CC=C5)[N+](=O)[O-])C(=O)OC
cilnidipine,CC1=C(C(C(=C(N1)C)C(=O)OCC=CC2=CC=CC=C2)C3=CC(=CC=C3)[N+](=O)[O-])C(=O)OCCOC
verapamil,CC(C)C(CCCN(C)CCC1=CC(=C(C=C1)OC)OC)(C#N)C2=CC(=C(C=C2)OC)OC
diltiazem,CC(=O)OC1C(SC2=CC=CC=C2N(C1=O)CCN(C)C)C3=CC=C(C=C3)OC
bisoprolol,CC(C)NCC(COC1=CC=C(C=C1)COCCOC(C)C)O
carvedilol,COC1=CC=CC=C1OCCNCC(COC2=CC=CC3=C2C4=CC=CC=C4N3)O
atenolol,CC(C)NCC(COC1=CC=C(C=C1)CC(=O)N)O
nadolol,CC(C)(C)NCC(COC1=CC=CC2=C1CC(C(C2)O)O)O
pindolol,CC(C)NCC(COC1=CC=CC2=C1C=CN2)O
metoprolol,CC(C)NCC(COC1=CC=C(C=C1)CCOC)O
propranolol,CC(C)NCC(COC1=CC=CC2=CC=CC=C21)O
acebutolol,CCCC(=O)NC1=CC(=C(C=C1)OCC(CNC(C)C)O)C(=O)C
esmolol,CC(C)NCC(COC1=CC=C(C=C1)CCC(=O)OC)O
sotalol,CC(C)NCC(C1=CC=C(C=C1)NS(=O)(=O)C)O
betaxolol,CC(C)NCC(COC1=CC=C(C=C1)CCOCC2CC2)O
nebivolol,C1CC2=C(C=CC(=C2)F)OC1C(CNCC(C3CCC4=C(O3)C=CC(=C4)F)O)O
hydrochlorothiazide,C1NC2=CC(=C(C=C2S(=O)(=O)N1)S(=O)(=O)N)Cl
furosemide,C1=COC(=C1)CNC2=CC(=C(C=C2C(=O)O)S(=O)(=O)N)Cl
spironolactone,CC(=O)SC1CC2=CC(=O)CCC2(C3C1C4CCC5(C4(CC3)C)CCC(=O)O5)C
eplerenone,CC12CCC(=O)C=C1CC(C3C24C(O4)CC5(C3CCC56CCC(=O)O6)C)C(=O)OC
amiloride,C1(=C(N=C(C(=N1)Cl)N)N)C(=O)N=C(N)N
triamterene,C1=CC=C(C=C1)C2=NC3=C(N=C(N=C3N=C2N)N)N
indapamide,CC1CC2=CC=CC=C2N1NC(=O)C3=CC(=C(C=C3)Cl)S(=O)(=O)N
chlorthalidone,C1=CC=C2C(=C1)C(=O)NC2(C3=CC(=C(C=C3)Cl)S(=O)(=O)N)O
metolazone,CC1NC2=CC(=C(C=C2C(=O)N1C3=CC=CC=C3C)S(=O)(=O)N)Cl
acetazolamide,CC(=O)NC1=NN=C(S1)S(=O)(=O)N
bumetanide,CCCCNC1=C(C(=CC(=C1)C(=O)O)S(=O)(=O)N)OC2=CC=CC=C2
torsemide,CC1=CC(=CC=C1)NC2=C(C=NC=C2)S(=O)(=O)NC(=O)NC(C)C
doxazosin,COC1=C(C=C2C(=C1)C(=NC(=N2)N3CCN(CC3)C(=O)C4COC5=CC=CC=C5O4)N)OC
tamsulosin,CCOC1=CC=CC=C1OCCNC(C)CC2=CC(=C(C=C2)OC)S(=O)(=O)N
terazosin,COC1=C(C=C2C(=C1)C(=NC(=N2)N3CCN(CC3)C(=O)C4CCCO4)N)OC
alfuzosin,CN(CCCNC(=O)C1CCCO1)C2=NC3=CC(=C(C=C3C(=N2)N)OC)OC
silodosin,CC(CC1=CC2=C(C(=C1)C(=O)N)N(CC2)CCCO)NCCOC3=CC=CC=C3OCC(F)(F)F
prazosin,COC1=C(C=C2C(=C1)C(=NC(=N2)N3CCN(CC3)C(=O)C4=CC=CO4)N)OC
amiodarone,CCCCC1=C(C2=CC=CC=C2O1)C(=O)C3=CC(=C(C(=C3)I)OCCN(CC)CC)I
mexiletine,CC1=C(C(=CC=C1)C)OCC(C)N
flecainide,C1CCNC(C1)CNC(=O)C2=C(C=CC(=C2)OCC(F)(F)F)OCC(F)(F)F
propafenone,CCCNCC(COC1=CC=CC=C1C(=O)CCC2=CC=CC=C2)O
quinidine,COC1=CC2=C(C=CN=C2C=C1)C(C3CC4CCN3CC4C=C)O
procainamide,CCN(CC)CCNC(=O)C1=CC=C(C=C1)N
disopyramide,CC(C)N(CCC(C1=CC=CC=C1)(C2=CC=CC=N2)C(=O)N)C(C)C
dronedarone,CCCCC1=C(C2=C(O1)C=CC(=C2)NS(=O)(=O)C)C(=O)C3=CC=C(C=C3)OCCCN(CCCC)CCCC
warfarin,CC(=O)CC(C1=CC=CC=C1)C2=C(C3=CC=CC=C3OC2=O)O
dabigatran,CN1C2=C(C=C(C=C2)C(=O)N(CCC(=O)O)C3=CC=CC=N3)N=C1CNC4=CC=C(C=C4)C(=N)N
rivaroxaban,C1COCC(=O)N1C2=CC=C(C=C2)N3CC(OC3=O)CNC(=O)C4=CC=C(S4)Cl
apixaban,COC1=CC=C(C=C1)N2C3=C(CCN(C3=O)C4=CC=C(C=C4)N5CCCCC5=O)C(=N2)C(=O)N
clopidogrel,COC(=O)C(C1=CC=CC=C1Cl)N2CCC3=C(C2)C=CS3
ticagrelor,CCCSC1=NC(=C2C(=N1)N(N=N2)C3CC(C(C3O)O)OCCO)NC4CC4C5=CC(=C(C=C5)F)F
prasugrel,CC(=O)OC1=CC2=C(S1)CCN(C2)C(C3=CC=CC=C3F)C(=O)C4CC4
ticlopidine,C1CN(CC2=C1SC=C2)CC3=CC=CC=C3Cl
dipyridamole,C1CCN(CC1)C2=NC(=NC3=C2N=C(N=C3N4CCCCC4)N(CCO)CCO)N(CCO)CCO
cilostazol,C1CCC(CC1)N2C(=NN=N2)CCCCOC3=CC4=C(C=C3)NC(=O)CC4
atorvastatin,CC(C)C1=C(C(=C(N1CCC(CC(CC(=O)O)O)O)C2=CC=C(C=C2)F)C3=CC=CC=C3)C(=O)NC4=CC=CC=C4
rosuvastatin,CC(C)C1=NC(=NC(=C1C=CC(CC(CC(=O)O)O)O)C2=CC=C(C=C2)F)N(C)S(=O)(=O)C
simvastatin,CCC(C)(C)C(=O)OC1CC(C=C2C1C(C(C=C2)C)CCC3CC(CC(=O)O3)O)C
pravastatin,CCC(C)C(=O)OC1CC(C=C2C1C(C(C=C2)C)CCC(CC(CC(=O)O)O)O)O
lovastatin,CCC(C)C(=O)OC1CC(C=C2C1C(C(C=C2)C)CCC3CC(CC(=O)O3)O)C
fluvastatin,CC(C)N1C2=CC=CC=C2C(=C1C=CC(CC(CC(=O)O)O)O)C3=CC=C(C=C3)F
gemfibrozil,CC1=CC(=C(C=C1)C)OCCCC(C)(C)C(=O)O
fenofibrate,CC(C)OC(=O)C(C)(C)OC1=CC=C(C=C1)C(=O)C2=CC=C(C=C2)Cl
bezafibrate,CC(C)(C(=O)O)OC1=CC=C(C=C1)CCNC(=O)C2=CC=C(C=C2)Cl
ezetimibe,C1=CC(=CC=C1C2C(C(=O)N2C3=CC=C(C=C3)F)CCC(C4=CC=C(C=C4)F)O)O
hydralazine,C1=CC=C2C(=C1)C=NN=C2NN
minoxidil,C1CCN(CC1)C2=NC(=N)N(C(=C2)N)O
sodium nitroprusside,[C-]#N.[C-]#N.[C-]#N.[C-]#N.[C-]#N.[N-]=O.O.O.[Na+].[Na+].[Fe+4]
isosorbide,C1C(C2C(O1)C(CO2)O)O
nitroglycerin,C(C(CO[N+](=O)[O-])O[N+](=O)[O-])O[N+](=O)[O-]
amoxicillin,CC1(C(N2C(S1)C(C2=O)NC(=O)C(C3=CC=C(C=C3)O)N)C(=O)O)C
ampicillin,CC1(C(N2C(S1)C(C2=O)NC(=O)C(C3=CC=CC=C3)N)C(=O)O)C
cloxacillin,CC1=C(C(=NO1)C2=CC=CC=C2Cl)C(=O)NC3C4N(C3=O)C(C(S4)(C)C)C(=O)O
dicloxacillin,CC1=C(C(=NO1)C2=C(C=CC=C2Cl)Cl)C(=O)NC3C4N(C3=O)C(C(S4)(C)C)C(=O)O
flucloxacillin,CC1=C(C(=NO1)C2=C(C=CC=C2Cl)F)C(=O)NC3C4N(C3=O)C(C(S4)(C)C)C(=O)O
piperacillin,CCN1CCN(C(=O)C1=O)C(=O)NC(C2=CC=CC=C2)C(=O)NC3C4N(C3=O)C(C(S4)(C)C)C(=O)O
ticarcillin,CC1(C(N2C(S1)C(C2=O)NC(=O)C(C3=CSC=C3)C(=O)O)C(=O)O)C
oxacillin,CC1=C(C(=NO1)C2=CC=CC=C2)C(=O)NC3C4N(C3=O)C(C(S4)(C)C)C(=O)O
nafcillin,CCOC1=C(C2=CC=CC=C2C=C1)C(=O)NC3C4N(C3=O)C(C(S4)(C)C)C(=O)O
carbenicillin,CC1(C(N2C(S1)C(C2=O)NC(=O)C(C3=CC=CC=C3)C(=O)O)C(=O)O)C
cephalexin,CC1=C(N2C(C(C2=O)NC(=O)C(C3=CC=CC=C3)N)SC1)C(=O)O
cefaclor,C1C(=C(N2C(S1)C(C2=O)NC(=O)C(C3=CC=CC=C3)N)C(=O)O)Cl
cefixime,C=CC1=C(N2C(C(C2=O)NC(=O)C(=NOCC(=O)O)C3=CSC(=N3)N)SC1)C(=O)O
cefuroxime,CON=C(C1=CC=CO1)C(=O)NC2C3N(C2=O)C(=C(CS3)COC(=O)N)C(=O)O
cefotaxime,CC(=O)OCC1=C(N2C(C(C2=O)NC(=O)C(=NOC)C3=CSC(=N3)N)SC1)C(=O)O
ceftriaxone,CN1C(=NC(=O)C(=O)N1)SCC2=C(N3C(C(C3=O)NC(=O)C(=NOC)C4=CSC(=N4)N)SC2)C(=O)O
cefepime,C[N+]1(CCCC1)CC2=C(N3C(C(C3=O)NC(=O)C(=NOC)C4=CSC(=N4)N)SC2)C(=O)[O-]
cefazolin,CC1=NN=C(S1)SCC2=C(N3C(C(C3=O)NC(=O)CN4C=NN=N4)SC2)C(=O)O
cefadroxil,CC1=C(N2C(C(C2=O)NC(=O)C(C3=CC=C(C=C3)O)N)SC1)C(=O)O
cefpodoxime,COCC1=C(N2C(C(C2=O)NC(=O)C(=NOC)C3=CSC(=N3)N)SC1)C(=O)O
ceftazidime,CC(C)(C(=O)O)ON=C(C1=CSC(=N1)N)C(=O)NC2C3N(C2=O)C(=C(CS3)C[N+]4=CC=CC=C4)C(=O)[O-]
cefdinir,C=CC1=C(N2C(C(C2=O)NC(=O)C(=NO)C3=CSC(=N3)N)SC1)C(=O)O
ciprofloxacin,C1CC1N2C=C(C(=O)C3=CC(=C(C=C32)N4CCNCC4)F)C(=O)O
norfloxacin,CCN1C=C(C(=O)C2=CC(=C(C=C21)N3CCNCC3)F)C(=O)O
ofloxacin,CC1COC2=C3N1C=C(C(=O)C3=CC(=C2N4CCN(CC4)C)F)C(=O)O
moxifloxacin,COC1=C2C(=CC(=C1N3CC4CCCNC4C3)F)C(=O)C(=CN2C5CC5)C(=O)O
levofloxacin,CC1COC2=C3N1C=C(C(=O)C3=CC(=C2N4CCN(CC4)C)F)C(=O)O
gatifloxacin,CC1CN(CCN1)C2=C(C=C3C(=C2OC)N(C=C(C3=O)C(=O)O)C4CC4)F
sparfloxacin,CC1CN(CC(N1)C)C2=C(C(=C3C(=C2F)N(C=C(C3=O)C(=O)O)C4CC4)N)F
lomefloxacin,CCN1C=C(C(=O)C2=CC(=C(C(=C21)F)N3CCNC(C3)C)F)C(=O)O
azithromycin,CCC1C(C(C(N(CC(CC(C(C(C(C(C(=O)O1)C)OC2CC(C(C(O2)C)O)(C)OC)C)OC3C(C(CC(O3)C)N(C)C)O)(C)O)C)C)C)O)(C)O
clarithromycin,CCC1C(C(C(C(=O)C(CC(C(C(C(C(C(=O)O1)C)OC2CC(C(C(O2)C)O)(C)OC)C)OC3C(C(CC(O3)C)N(C)C)O)(C)OC)C)C)O)(C)O
erythromycin,CCC1C(C(C(C(=O)C(CC(C(C(C(C(C(=O)O1)C)OC2CC(C(C(O2)C)O)(C)OC)C)OC3C(C(CC(O3)C)N(C)C)O)(C)O)C)C)O)(C)O
roxithromycin,CCC1C(C(C(C(=NOCOCCOC)C(CC(C(C(C(C(C(=O)O1)C)OC2CC(C(C(O2)C)O)(C)OC)C)OC3C(C(CC(O3)C)N(C)C)O)(C)O)C)C)O)(C)O
telithromycin,CCC1C2(C(C(C(=O)C(CC(C(C(C(=O)C(C(=O)O1)C)C)OC3C(C(CC(O3)C)N(C)C)O)(C)OC)C)C)N(C(=O)O2)CCCCN4C=C(N=C4)C5=CN=CC=C5)C
josamycin,CC1CC=CC=CC(C(CC(C(C(C(CC(=O)O1)OC(=O)C)OC)OC2C(C(C(C(O2)C)OC3CC(C(C(O3)C)OC(=O)CC(C)C)(C)O)N(C)C)O)CC=O)C)O
midecamycin,CCC(=O)OC1CC(=O)OC(CC=CC=CC(C(CC(C(C1OC)OC2C(C(C(C(O2)C)OC3CC(C(C(O3)C)OC(=O)CC)(C)O)N(C)C)O)CC=O)C)O)C
tetracycline,CC1(C2CC3C(C(=O)C(=C(C3(C(=O)C2=C(C4=C1C=CC=C4O)O)O)O)C(=O)N)N(C)C)O
doxycycline,CC1C2C(C3C(C(=O)C(=C(C3(C(=O)C2=C(C4=C1C=CC=C4O)O)O)O)C(=O)N)N(C)C)O
minocycline,CN(C)C1C2CC3CC4=C(C=CC(=C4C(=C3C(=O)C2(C(=C(C1=O)C(=O)N)O)O)O)O)N(C)C
tigecycline,CC(C)(C)NCC(=O)NC1=CC(=C2CC3CC4C(C(=O)C(=C(C4(C(=O)C3=C(C2=C1O)O)O)O)C(=O)N)N(C)C)N(C)C
oxytetracycline,CC1(C2C(C3C(C(=O)C(=C(C3(C(=O)C2=C(C4=C1C=CC=C4O)O)O)O)C(=O)N)N(C)C)O)O
gentamicin,CC(C1CCC(C(O1)OC2C(CC(C(C2O)OC3C(C(C(CO3)(C)O)NC)O)N)N)N)NC
tobramycin,C1C(C(C(C(C1N)OC2C(C(C(C(O2)CO)O)N)O)O)OC3C(CC(C(O3)CN)O)N)N
kanamycin,C1C(C(C(C(C1N)OC2C(C(C(C(O2)CN)O)O)O)O)OC3C(C(C(C(O3)CO)O)N)O)N
amikacin,C1C(C(C(C(C1NC(=O)C(CCN)O)OC2C(C(C(C(O2)CO)O)N)O)O)OC3C(C(C(C(O3)CN)O)O)O)N
neomycin,C1C(C(C(C(C1N)OC2C(C(C(C(O2)CN)O)O)N)OC3C(C(C(O3)CO)OC4C(C(C(C(O4)CN)O)O)N)O)O)N
streptomycin,CC1C(C(C(O1)OC2C(C(C(C(C2O)O)N=C(N)N)O)N=C(N)N)OC3C(C(C(C(O3)CO)O)O)NC)(C=O)O
clindamycin,CCCC1CC(N(C1)C)C(=O)NC(C2C(C(C(C(O2)SC)O)O)O)C(C)Cl
metronidazole,CC1=NC=C(N1CCO)[N+](=O)[O-]
tinidazole,CCS(=O)(=O)CCN1C(=NC=C1[N+](=O)[O-])C
nitrofurantoin,C1C(=O)NC(=O)N1N=CC2=CC=C(O2)[N+](=O)[O-]
chloramphenicol,C1=CC(=CC=C1C(C(CO)NC(=O)C(Cl)Cl)O)[N+](=O)[O-]
linezolid,CC(=O)NCC1CN(C(=O)O1)C2=CC(=C(C=C2)N3CCOCC3)F
daptomycin,CCCCCCCCCC(=O)NC(CC1=CNC2=CC=CC=C21)C(=O)NC(CC(=O)N)C(=O)NC(CC(=O)O)C(=O)NC3C(OC(=O)C(NC(=O)C(NC(=O)C(NC(=O)CNC(=O)C(NC(=O)C(NC(=O)C(NC(=O)C(NC(=O)CNC3=O)CCCN)CC(=O)O)C)CC(=O)O)CO)C(C)CC(=O)O)CC(=O)C4=CC=CC=C4N)C
vancomycin,CC1C(C(CC(O1)OC2C(C(C(OC2OC3=C4C=C5C=C3OC6=C(C=C(C=C6)C(C(C(=O)NC(C(=O)NC5C(=O)NC7C8=CC(=C(C=C8)O)C9=C(C=C(C=C9O)O)C(NC(=O)C(C(C1=CC(=C(O4)C=C1)Cl)O)NC7=O)C(=O)O)CC(=O)N)NC(=O)C(CC(C)C)NC)O)Cl)CO)O)O)(C)N)O
teicoplanin,CCCCCCCCCC(=O)NC1C(C(C(OC1OC2=C3C=C4C=C2OC5=C(C=C(C=C5)C(C6C(=O)NC(C7=C(C(=CC(=C7)O)OC8C(C(C(C(O8)CO)O)O)O)C9=C(C=CC(=C9)C(C(=O)N6)NC(=O)C4NC(=O)C1C2=CC(=CC(=C2)OC2=C(C=CC(=C2)C(C(=O)NC(CC2=CC(=C(O3)C=C2)Cl)C(=O)N1)N)O)O)O)C(=O)O)OC1C(C(C(C(O1)CO)O)O)NC(=O)C)Cl)CO)O)O
bacitracin,CCC(C)C1C(=O)NC(C(=O)NC(C(=O)NC(C(=O)NC(C(=O)NCCCCC(C(=O)NC(C(=O)N1)CCCN)NC(=O)C(C(C)CC)NC(=O)C(CCC(=O)O)NC(=O)C(CC(C)C)NC(=O)C2CSC(=N2)C(C(C)CC)N)CC(=O)N)CC(=O)O)CC3=CN=CN3)CC4=CC=CC=C4
mupirocin,CC(C1C(O1)CC2COC(C(C2O)O)CC(=CC(=O)OCCCCCCCCC(=O)O)C)C(C)O
ceftaroline,CCON=C(C1=NSC(=N1)NP(=O)(O)O)C(=O)NC2C3N(C2=O)C(=C(CS3)SC4=NC(=CS4)C5=CC=[N+](C=C5)C)C(=O)[O-]
ceftobiprole,C1CNCC1N2CCC(=CC3=C(N4C(C(C4=O)NC(=O)C(=NO)C5=NSC(=N5)N)SC3)C(=O)O)C2=O
faropenem,CC(C1C2N(C1=O)C(=C(S2)C3CCCO3)C(=O)O)O
ertapenem,CC1C2C(C(=O)N2C(=C1SC3CC(NC3)C(=O)NC4=CC=CC(=C4)C(=O)O)C(=O)O)C(C)O
meropenem,CC1C2C(C(=O)N2C(=C1SC3CC(NC3)C(=O)N(C)C)C(=O)O)C(C)O
imipenem,CC(C1C2CC(=C(N2C1=O)C(=O)O)SCCN=CN)O
doripenem,CC1C2C(C(=O)N2C(=C1SC3CC(NC3)CNS(=O)(=O)N)C(=O)O)C(C)O
aztreonam,CC1C(C(=O)N1S(=O)(=O)O)NC(=O)C(=NOC(C)(C)C(=O)O)C2=CSC(=N2)N
quinupristin,CCC1C(=O)N2CCCC2C(=O)N(C(C(=O)N3CC(C(=O)CC3C(=O)NC(C(=O)OC(C(C(=O)N1)NC(=O)C4=C(C=CC=N4)O)C)C5=CC=CC=C5)CSC6CN7CCC6CC7)CC8=CC=C(C=C8)N(C)C)C
dalfopristin,CCN(CC)CCS(=O)(=O)C1CCN2C1C(=O)OC(C(C=CC(=O)NCC=CC(=CC(CC(=O)CC3=NC(=CO3)C2=O)O)C)C)C(C)C
tedizolid,CN1N=C(N=N1)C2=NC=C(C=C2)C3=C(C=C(C=C3)N4CC(OC4=O)CO)F
oritavancin,CC1C(C(CC(O1)OC2C3C(=O)NC(C4=C(C(=CC(=C4)O)O)C5=C(C=CC(=C5)C(C(=O)N3)NC(=O)C6C7=CC(=C(C(=C7)OC8=C(C=C2C=C8)Cl)OC9C(C(C(C(O9)CO)O)O)OC1CC(C(C(O1)C)O)(C)NCC1=CC=C(C=C1)C1=CC=C(C=C1)Cl)OC1=C(C=C(C=C1)C(C(C(=O)NC(C(=O)N6)CC(=O)N)NC(=O)C(CC(C)C)NC)O)Cl)O)C(=O)O)(C)N)O
dalbavancin,CC(C)CCCCCCCCC(=O)NC1C(C(C(OC1OC2=C3C=C4C=C2OC5=C(C=C(C=C5)C(C6C(=O)NC(C7=C(C(=CC(=C7)O)OC8C(C(C(C(O8)CO)O)O)O)C9=C(C=CC(=C9)C(C(=O)N6)NC(=O)C4NC(=O)C1C2=C(C(=CC(=C2)OC2=C(C=CC(=C2)C(C(=O)NC(CC2=CC=C(O3)C=C2)C(=O)N1)NC)O)O)Cl)O)C(=O)NCCCN(C)C)O)Cl)C(=O)O)O)O
omadacycline,CC(C)(C)CNCC1=CC(=C2CC3CC4C(C(=O)C(=C(C4(C(=O)C3=C(C2=C1O)O)O)O)C(=O)N)N(C)C)N(C)C
plazomicin,CC1(COC(C(C1NC)O)OC2C(CC(C(C2O)OC3C(CC=C(O3)CNCCO)N)N)NC(=O)C(CCN)O)O
amphotericin,CC1C=CC=CC=CC=CC=CC=CC=CC(CC2C(C(CC(O2)(CC(CC(C(CCC(CC(CC(=O)OC(C(C1O)C)C)O)O)O)O)O)O)O)C(=O)O)OC3C(C(C(C(O3)C)O)N)O
fluconazole,C1=CC(=C(C=C1F)F)C(CN2C=NC=N2)(CN3C=NC=N3)O
itraconazole,CCC(C)N1C(=O)N(C=N1)C2=CC=C(C=C2)N3CCN(CC3)C4=CC=C(C=C4)OCC5COC(O5)(CN6C=NC=N6)C7=C(C=C(C=C7)Cl)Cl
ketoconazole,CC(=O)N1CCN(CC1)C2=CC=C(C=C2)OCC3COC(O3)(CN4C=CN=C4)C5=C(C=C(C=C5)Cl)Cl
voriconazole,CC(C1=NC=NC=C1F)C(CN2C=NC=N2)(C3=C(C=C(C=C3)F)F)O
posaconazole,CCC(C(C)O)N1C(=O)N(C=N1)C2=CC=C(C=C2)N3CCN(CC3)C4=CC=C(C=C4)OCC5CC(OC5)(CN6C=NC=N6)C7=C(C=C(C=C7)F)F
terbinafine,CC(C)(C)C#CC=CCN(C)CC1=CC=CC2=CC=CC=C21
griseofulvin,CC1CC(=O)C=C(C12C(=O)C3=C(O2)C(=C(C=C3OC)OC)Cl)OC
flucytosine,C1=NC(=O)NC(=C1F)N
clotrimazole,C1=CC=C(C=C1)C(C2=CC=CC=C2)(C3=CC=CC=C3Cl)N4C=CN=C4
isavuconazole,CC(C1=NC(=CS1)C2=CC=C(C=C2)C#N)C(CN3C=NC=N3)(C4=C(C=CC(=C4)F)F)O
terconazole,CC(C)N1CCN(CC1)C2=CC=C(C=C2)OCC3COC(O3)(CN4C=NC=N4)C5=C(C=C(C=C5)Cl)Cl
econazole,C1=CC(=CC=C1COC(CN2C=CN=C2)C3=C(C=C(C=C3)Cl)Cl)Cl
sertaconazole,C1=CC2=C(C(=C1)Cl)SC=C2COC(CN3C=CN=C3)C4=C(C=C(C=C4)Cl)Cl
naftifine,CN(CC=CC1=CC=CC=C1)CC2=CC=CC3=CC=CC=C32
acyclovir,C1=NC2=C(N1COCCO)N=C(NC2=O)N
valacyclovir,CC(C)C(C(=O)OCCOCN1C=NC2=C1N=C(NC2=O)N)N
famciclovir,CC(=O)OCC(CCN1C=NC2=CN=C(N=C21)N)COC(=O)C
ganciclovir,C1=NC2=C(N1COC(CO)CO)N=C(NC2=O)N
ribavirin,C1=NC(=NN1C2C(C(C(O2)CO)O)O)C(=O)N
oseltamivir,CCC(CC)OC1C=C(CC(C1NC(=O)C)N)C(=O)OCC
zanamivir,CC(=O)NC1C(C=C(OC1C(C(CO)O)O)C(=O)O)N=C(N)N
sofosbuvir,CC(C)OC(=O)C(C)NP(=O)(OCC1C(C(C(O1)N2C=CC(=O)NC2=O)(C)F)O)OC3=CC=CC=C3
entecavir,C=C1C(CC(C1CO)O)N2C=NC3=C2N=C(NC3=O)N
lamivudine,C1C(OC(S1)CO)N2C=CC(=NC2=O)N
zidovudine,CC1=CN(C(=O)NC1=O)C2CC(C(O2)CO)N=[N+]=[N-]
abacavir,C1CC1NC2=C3C(=NC(=N2)N)N(C=N3)C4CC(C=C4)CO
tenofovir,CC(CN1C=NC2=C(N=CN=C21)N)OCP(=O)(O)O
nevirapine,CC1=C2C(=NC=C1)N(C3=C(C=CC=N3)C(=O)N2)C4CC4
efavirenz,C1CC1C#CC2(C3=C(C=CC(=C3)Cl)NC(=O)O2)C(F)(F)F
mebendazole,COC(=O)NC1=NC2=C(N1)C=C(C=C2)C(=O)C3=CC=CC=C3
albendazole,CCCSC1=CC2=C(C=C1)N=C(N2)NC(=O)OC
praziquantel,C1CCC(CC1)C(=O)N2CC3C4=CC=CC=C4CCN3C(=O)C2
chloroquine,CCN(CC)CCCC(C)NC1=C2C=CC(=CC2=NC=C1)Cl
hydroxychloroquine,CCN(CCCC(C)NC1=C2C=CC(=CC2=NC=C1)Cl)CCO
quinine,COC1=CC2=C(C=CN=C2C=C1)C(C3CC4CCN3CC4C=C)O
pyrimethamine,CCC1=C(C(=NC(=N1)N)N)C2=CC=C(C=C2)Cl
sulfadoxine,COC1=C(N=CN=C1OC)NS(=O)(=O)C2=CC=C(C=C2)N
artemether,CC1CCC2C(C(OC3C24C1CCC(O3)(OO4)C)OC)C
aspirin,CC(=O)OC1=CC=CC=C1C(=O)O
ibuprofen,CC(C)CC1=CC=C(C=C1)C(C)C(=O)O
diclofenac,C1=CC=C(C(=C1)CC(=O)O)NC2=C(C=CC=C2Cl)Cl
naproxen,CC(C1=CC2=C(C=C1)C=C(C=C2)OC)C(=O)O
indomethacin,CC1=C(C2=C(N1C(=O)C3=CC=C(C=C3)Cl)C=CC(=C2)OC)CC(=O)O
sulindac,CC1=C(C2=C(C1=CC3=CC=C(C=C3)S(=O)C)C=CC(=C2)F)CC(=O)O
ketoprofen,CC(C1=CC(=CC=C1)C(=O)C2=CC=CC=C2)C(=O)O
flurbiprofen,CC(C1=CC(=C(C=C1)C2=CC=CC=C2)F)C(=O)O
piroxicam,CN1C(=C(C2=CC=CC=C2S1(=O)=O)O)C(=O)NC3=CC=CC=N3
meloxicam,CC1=CN=C(S1)NC(=O)C2=C(C3=CC=CC=C3S(=O)(=O)N2C)O
celecoxib,CC1=CC=C(C=C1)C2=CC(=NN2C3=CC=C(C=C3)S(=O)(=O)N)C(F)(F)F
etodolac,CCC1=C2C(=CC=C1)C3=C(N2)C(OCC3)(CC)CC(=O)O
nabumetone,CC(=O)CCC1=CC2=C(C=C1)C=C(C=C2)OC
ketorolac,C1CN2C(=CC=C2C(=O)C3=CC=CC=C3)C1C(=O)O
acetaminophen,CC(=O)NC1=CC=C(C=C1)O
nefopam,CN1CCOC(C2=CC=CC=C2C1)C3=CC=CC=C3
ziconotide,CC1C(=O)NC(C(=O)NC2CSSCC3C(=O)NC(C(=O)NC(C(=O)NCC(=O)NC(C(=O)NC(CSSCC(C(=O)NC(CSSCC(C(=O)NC(C(=O)NCC(=O)NC(C(=O)NCC(=O)N1)CCCCN)CCCCN)N)C(=O)NC(C(=O)NCC(=O)NC(C(=O)N3)CO)C(C)O)NC(=O)C(NC(=O)C(NC(=O)C(NC(=O)C(NC(=O)C(NC(=O)C(NC2=O)CO)CCCNC(=N)N)CC(C)C)CCSC)CC4=CC=C(C=C4)O)CC(=O)O)C(=O)N)CCCCN)CO)CCCNC(=N)N)CCCCN
tapentadol,CCC(C1=CC(=CC=C1)O)C(C)CN(C)C
dexketoprofen,CC(C1=CC(=CC=C1)C(=O)C2=CC=CC=C2)C(=O)O
morphine,CN1CCC23C4C1CC5=C2C(=C(C=C5)O)OC3C(C=C4)O
codeine,CN1CCC23C4C1CC5=C2C(=C(C=C5)OC)OC3C(C=C4)O
tramadol,CN(C)CC1CCCCC1(C2=CC(=CC=C2)OC)O
buprenorphine,CC(C)(C)C(C)(C1CC23CCC1(C4C25CCN(C3CC6=C5C(=C(C=C6)O)O4)CC7CC7)OC)O
methadone,CCC(=O)C(CC(C)N(C)C)(C1=CC=CC=C1)C2=CC=CC=C2
naloxone,C=CCN1CCC23C4C(=O)CCC2(C1CC5=C3C(=C(C=C5)O)O4)O
naltrexone,C1CC1CN2CCC34C5C(=O)CCC3(C2CC6=C4C(=C(C=C6)O)O5)O
fentanyl,CCC(=O)N(C1CCN(CC1)CCC2=CC=CC=C2)C3=CC=CC=C3
oxycodone,CN1CCC23C4C(=O)CCC2(C1CC5=C3C(=C(C=C5)OC)O4)O
hydromorphone,CN1CCC23C4C1CC5=C2C(=C(C=C5)O)OC3C(=O)CC4
meperidine,CCOC(=O)C1(CCN(CC1)C)C2=CC=CC=C2
pentazocine,CC1C2CC3=C(C1(CCN2CC=C(C)C)C)C=C(C=C3)O
phenytoin,C1=CC=C(C=C1)C2(C(=O)NC(=O)N2)C3=CC=CC=C3
carbamazepine,C1=CC=C2C(=C1)C=CC3=CC=CC=C3N2C(=O)N
valproate,CCCC(CCC)C(=O)[O-]
lamotrigine,C1=CC(=C(C(=C1)Cl)Cl)C2=C(N=C(N=N2)N)N
gabapentin,C1CCC(CC1)(CC(=O)O)CN
pregabalin,CC(C)CC(CC(=O)O)CN
topiramate,CC1(OC2COC3(C(C2O1)OC(O3)(C)C)COS(=O)(=O)N)C
levetiracetam,CCC(C(=O)N)N1CCCC1=O
ethosuximide,CCC1(CC(=O)NC1=O)C
primidone,CCC1(C(=O)NCNC1=O)C2=CC=CC=C2
oxcarbazepine,C1C2=CC=CC=C2N(C3=CC=CC=C3C1=O)C(=O)N
zonisamide,C1=CC=C2C(=C1)C(=NO2)CS(=O)(=O)N
vigabatrin,C=CC(CCC(=O)O)N
tiagabine,CC1=C(SC=C1)C(=CCCN2CCCC(C2)C(=O)O)C3=C(C=CS3)C
rufinamide,C1=CC(=C(C(=C1)F)CN2C=C(N=N2)C(=O)N)F
levodopa,C1=CC(=C(C=C1CC(C(=O)O)N)O)O
carbidopa,CC(CC1=CC(=C(C=C1)O)O)(C(=O)O)NN
amantadine,C1C2CC3CC1CC(C2)(C3)N
memantine,CC12CC3CC(C1)(CC(C3)(C2)N)C
selegiline,CC(CC1=CC=CC=C1)N(C)CC#C
pramipexole,CCCNC1CCC2=C(C1)SC(=N2)N
ropinirole,CCCN(CCC)CCC1=C2CC(=O)NC2=CC=C1
bromocriptine,CC(C)CC1C(=O)N2CCCC2C3(N1C(=O)C(O3)(C(C)C)NC(=O)C4CN(C5CC6=C(NC7=CC=CC(=C67)C5=C4)Br)C)O
donepezil,COC1=C(C=C2C(=C1)CC(C2=O)CC3CCN(CC3)CC4=CC=CC=C4)OC
rivastigmine,CCN(C)C(=O)OC1=CC=CC(=C1)C(C)N(C)C
galantamine,CN1CCC23C=CC(CC2OC4=C(C=CC(=C34)C1)OC)O
tacrine,C1CCC2=NC3=CC=CC=C3C(=C2C1)N
fluoxetine,CNCCC(C1=CC=CC=C1)OC2=CC=C(C=C2)C(F)(F)F
sertraline,CNC1CCC(C2=CC=CC=C12)C3=CC(=C(C=C3)Cl)Cl
paroxetine,C1CNCC(C1C2=CC=C(C=C2)F)COC3=CC4=C(C=C3)OCO4
citalopram,CN(C)CCCC1(C2=C(CO1)C=C(C=C2)C#N)C3=CC=C(C=C3)F
escitalopram,CN(C)CCCC1(C2=C(CO1)C=C(C=C2)C#N)C3=CC=C(C=C3)F
venlafaxine,CN(C)CC(C1=CC=C(C=C1)OC)C2(CCCCC2)O
duloxetine,CNCCC(C1=CC=CS1)OC2=CC=CC3=CC=CC=C32
mirtazapine,CN1CCN2C(C1)C3=CC=CC=C3CC4=C2N=CC=C4
bupropion,CC(C(=O)C1=CC(=CC=C1)Cl)NC(C)(C)C
amitriptyline,CN(C)CCC=C1C2=CC=CC=C2CCC3=CC=CC=C31
imipramine,CN(C)CCCN1C2=CC=CC=C2CCC3=CC=CC=C31
nortriptyline,CNCCC=C1C2=CC=CC=C2CCC3=CC=CC=C31
clomipramine,CN(C)CCCN1C2=CC=CC=C2CCC3=C1C=C(C=C3)Cl
trazodone,C1CN(CCN1CCCN2C(=O)N3C=CC=CC3=N2)C4=CC(=CC=C4)Cl
phenelzine,C1=CC=C(C=C1)CCNN
olanzapine,CC1=CC2=C(S1)NC3=CC=CC=C3N=C2N4CCN(CC4)C
clozapine,CN1CCN(CC1)C2=NC3=C(C=CC(=C3)Cl)NC4=CC=CC=C42
risperidone,CC1=C(C(=O)N2CCCCC2=N1)CCN3CCC(CC3)C4=NOC5=C4C=CC(=C5)F
quetiapine,C1CN(CCN1CCOCCO)C2=NC3=CC=CC=C3SC4=CC=CC=C42
aripiprazole,C1CC(=O)NC2=C1C=CC(=C2)OCCCCN3CCN(CC3)C4=C(C(=CC=C4)Cl)Cl
ziprasidone,C1CN(CCN1CCC2=C(C=C3C(=C2)CC(=O)N3)Cl)C4=NSC5=CC=CC=C54
haloperidol,C1CN(CCC1(C2=CC=C(C=C2)Cl)O)CCCC(=O)C3=CC=C(C=C3)F
chlorpromazine,CN(C)CCCN1C2=CC=CC=C2SC3=C1C=C(C=C3)Cl
fluphenazine,C1CN(CCN1CCCN2C3=CC=CC=C3SC4=C2C=C(C=C4)C(F)(F)F)CCO
thioridazine,CN1CCCCC1CCN2C3=CC=CC=C3SC4=C2C=C(C=C4)SC
perphenazine,C1CN(CCN1CCCN2C3=CC=CC=C3SC4=C2C=C(C=C4)Cl)CCO
loxapine,CN1CCN(CC1)C2=NC3=CC=CC=C3OC4=C2C=C(C=C4)Cl
alprazolam,CC1=NN=C2N1C3=C(C=C(C=C3)Cl)C(=NC2)C4=CC=CC=C4
diazepam,CN1C(=O)CN=C(C2=C1C=CC(=C2)Cl)C3=CC=CC=C3
lorazepam,C1=CC=C(C(=C1)C2=NC(C(=O)NC3=C2C=C(C=C3)Cl)O)Cl
midazolam,CC1=NC=C2N1C3=C(C=C(C=C3)Cl)C(=NC2)C4=CC=CC=C4F
zolpidem,CC1=CC=C(C=C1)C2=C(N3C=C(C=CC3=N2)C)CC(=O)N(C)C
zopiclone,CN1CCN(CC1)C(=O)OC2C3=NC=CN=C3C(=O)N2C4=NC=C(C=C4)Cl
buspirone,C1CCC2(C1)CC(=O)N(C(=O)C2)CCCCN3CCN(CC3)C4=NC=CC=N4
suvorexant,CC1CCN(CCN1C(=O)C2=C(C=CC(=C2)C)N3N=CC=N3)C4=NC5=C(O4)C=CC(=C5)Cl
modafinil,C1=CC=C(C=C1)C(C2=CC=CC=C2)S(=O)CC(=O)N
methylphenidate,COC(=O)C(C1CCCCN1)C2=CC=CC=C2
stiripentol,CC(C)(C)C(C=CC1=CC2=C(C=C1)OCO2)O
perampanel,C1=CC=C(C=C1)N2C=C(C=C(C2=O)C3=CC=CC=C3C#N)C4=CC=CC=N4
retigabine,CCOC(=O)NC1=C(C=C(C=C1)NCC2=CC=C(C=C2)F)N
cannabidiol,CCCCCC1=CC(=C(C(=C1)O)C2C=C(CCC2C(=C)C)C)O
cenobamate,C1=CC=C(C(=C1)C(CN2N=CN=N2)OC(=O)N)Cl
brivaracetam,CCCC1CC(=O)N(C1)C(CC)C(=O)N
pantoprazole,COC1=C(C(=NC=C1)CS(=O)C2=NC3=C(N2)C=C(C=C3)OC(F)F)OC
lansoprazole,CC1=C(C=CN=C1CS(=O)C2=NC3=CC=CC=C3N2)OCC(F)(F)F
rabeprazole,CC1=C(C=CN=C1CS(=O)C2=NC3=CC=CC=C3N2)OCCCOC
famotidine,C1=C(N=C(S1)N=C(N)N)CSCCC(=NS(=O)(=O)N)N
ranitidine,CNC(=C[N+](=O)[O-])NCCSCC1=CC=C(O1)CN(C)C
cimetidine,CC1=C(N=CN1)CSCCNC(=NC)NC#N
nizatidine,CNC(=C[N+](=O)[O-])NCCSCC1=CSC(=N1)CN(C)C
misoprostol,CCCCC(C)(CC=CC1C(CC(=O)C1CCCCCCC(=O)OC)O)O
metoclopramide,CCN(CC)CCNC(=O)C1=CC(=C(C=C1OC)N)Cl
ondansetron,CC1=NC=CN1CC2CCC3=C(C2=O)C4=CC=CC=C4N3C
loperamide,CN(C)C(=O)C(CCN1CCC(CC1)(C2=CC=C(C=C2)Cl)O)(C3=CC=CC=C3)C4=CC=CC=C4
dexlansoprazole,CC1=C(C=CN=C1CS(=O)C2=NC3=CC=CC=C3N2)OCC(F)(F)F
bisacodyl,CC(=O)OC1=CC=C(C=C1)C(C2=CC=C(C=C2)OC(=O)C)C3=CC=CC=N3
lactulose,C(C1C(C(C(C(O1)OC2C(OC(C2O)(CO)O)CO)O)O)O)O
salbutamol,CC(C)(C)NCC(C1=CC(=C(C=C1)O)CO)O
terbutaline,CC(C)(C)NCC(C1=CC(=CC(=C1)O)O)O
salmeterol,C1=CC=C(C=C1)CCCCOCCCCCCNCC(C2=CC(=C(C=C2)O)CO)O
formoterol,CC(CC1=CC=C(C=C1)OC)NCC(C2=CC(=C(C=C2)O)NC=O)O
budesonide,CCCC1OC2CC3C4CCC5=CC(=O)C=CC5(C4C(CC3(C2(O1)C(=O)CO)C)O)C
beclomethasone,CC1CC2C3CCC4=CC(=O)C=CC4(C3(C(CC2(C1(C(=O)CO)O)C)O)Cl)C
fluticasone,CC1CC2C3CC(C4=CC(=O)C=CC4(C3(C(CC2(C1(C(=O)SCF)O)C)O)F)C)F
montelukast,CC(C)(C1=CC=CC=C1CCC(C2=CC=CC(=C2)C=CC3=NC4=C(C=CC(=C4)Cl)C=C3)SCC5(CC5)CC(=O)O)O
theophylline,CN1C2=C(C(=O)N(C1=O)C)NC=N2
cromolyn,C1=CC2=C(C(=C1)OCC(COC3=CC=CC4=C3C(=O)C=C(O4)C(=O)O)O)C(=O)C=C(O2)C(=O)O
ipratropium,CC(C)[N+]1(C2CCC1CC(C2)OC(=O)C(CO)C3=CC=CC=C3)C
tiotropium,C[N+]1(C2CC(CC1C3C2O3)OC(=O)C(C4=CC=CS4)(C5=CC=CS5)O)C
indacaterol,CCC1=C(C=C2CC(CC2=C1)NCC(C3=C4C=CC(=O)NC4=C(C=C3)O)O)CC
olodaterol,CC(C)(CC1=CC=C(C=C1)OC)NCC(C2=C3C(=CC(=C2)O)NC(=O)CO3)O
vilanterol,C1=CC(=C(C(=C1)Cl)COCCOCCCCCCNCC(C2=CC(=C(C=C2)O)CO)O)Cl
glycopyrronium,C[N+]1(CCC(C1)OC(=O)C(C2CCCC2)(C3=CC=CC=C3)O)C
metformin,CN(C)C(=N)N=C(N)N
glipizide,CC1=CN=C(C=N1)C(=O)NCCC2=CC=C(C=C2)S(=O)(=O)NC(=O)NC3CCCCC3
glyburide,COC1=C(C=C(C=C1)Cl)C(=O)NCCC2=CC=C(C=C2)S(=O)(=O)NC(=O)NC3CCCCC3
glimepiride,CCC1=C(CN(C1=O)C(=O)NCCC2=CC=C(C=C2)S(=O)(=O)NC(=O)NC3CCC(CC3)C)C
pioglitazone,CCC1=CN=C(C=C1)CCOC2=CC=C(C=C2)CC3C(=O)NC(=O)S3
rosiglitazone,CN(CCOC1=CC=C(C=C1)CC2C(=O)NC(=O)S2)C3=CC=CC=N3
repaglinide,CCOC1=C(C=CC(=C1)CC(=O)NC(CC(C)C)C2=CC=CC=C2N3CCCCC3)C(=O)O
nateglinide,CC(C)C1CCC(CC1)C(=O)NC(CC2=CC=CC=C2)C(=O)O
acarbose,CC1C(C(C(C(O1)OC2C(OC(C(C2O)O)OC(C(CO)O)C(C(C=O)O)O)CO)O)O)NC3C=C(C(C(C3O)O)O)CO
sitagliptin,C1CN2C(=NN=C2C(F)(F)F)CN1C(=O)CC(CC3=CC(=C(C=C3F)F)F)N
vildagliptin,C1CC(N(C1)C(=O)CNC23CC4CC(C2)CC(C4)(C3)O)C#N
canagliflozin,CC1=C(C=C(C=C1)C2C(C(C(C(O2)CO)O)O)O)CC3=CC=C(S3)C4=CC=C(C=C4)F
levothyroxine,C1=C(C=C(C(=C1I)OC2=CC(=C(C(=C2)I)O)I)I)CC(C(=O)O)N
methimazole,CN1C=CNC1=S
propylthiouracil,CCCC1=CC(=O)NC(=S)N1
carbimazole,CCOC(=O)N1C=CN(C1=S)C
liothyronine,C1=CC(=C(C=C1OC2=C(C=C(C=C2I)CC(C(=O)O)N)I)I)O
prednisone,CC12CC(=O)C3C(C1CCC2(C(=O)CO)O)CCC4=CC(=O)C=CC34C
prednisolone,CC12CC(C3C(C1CCC2(C(=O)CO)O)CCC4=CC(=O)C=CC34C)O
dexamethasone,CC1CC2C3CCC4=CC(=O)C=CC4(C3(C(CC2(C1(C(=O)CO)O)C)O)F)C
hydrocortisone,CC12CCC(=O)C=C1CCC3C2C(CC4(C3CCC4(C(=O)CO)O)C)O
betamethasone,CC1CC2C3CCC4=CC(=O)C=CC4(C3(C(CC2(C1(C(=O)CO)O)C)O)F)C
triamcinolone,CC12CC(C3(C(C1CC(C2(C(=O)CO)O)O)CCC4=CC(=O)C=CC43C)F)O
methylprednisolone,CC1CC2C3CCC(C3(CC(C2C4(C1=CC(=O)C=C4)C)O)C)(C(=O)CO)O
fludrocortisone,CC12CCC(=O)C=C1CCC3C2(C(CC4(C3CCC4(C(=O)CO)O)C)O)F
fluocinolone,CC12CC(C3(C(C1CC(C2(C(=O)CO)O)O)CC(C4=CC(=O)C=CC43C)F)F)O
clobetasol,CC1CC2C3CCC4=CC(=O)C=CC4(C3(C(CC2(C1(C(=O)CCl)O)C)O)F)C
raloxifene,C1CCN(CC1)CCOC2=CC=C(C=C2)C(=O)C3=C(SC4=C3C=CC(=C4)O)C5=CC=C(C=C5)O
alendronate,C(CC(O)(P(=O)(O)O)P(=O)(O)O)CN
risedronate,C1=CC(=CN=C1)CC(O)(P(=O)(O)O)P(=O)(O)O
ibandronate,CCCCCN(C)CCC(O)(P(=O)(O)O)P(=O)(O)O
zoledronate,C1=CN(C=N1)CC(O)(P(=O)(O)O)P(=O)(O)O
mifepristone,CC#CC1(CCC2C1(CC(C3=C4CCC(=O)C=C4CCC23)C5=CC=C(C=C5)N(C)C)C)O
danazol,CC12CCC3C(C1CCC2(C#C)O)CCC4=CC5=C(CC34C)C=NO5
methyltestosterone,CC12CCC(=O)C=C1CCC3C2CCC4(C3CCC4(C)O)C
fluoxymesterone,CC12CCC(=O)C=C1CCC3C2(C(CC4(C3CCC4(C)O)C)O)F
oxandrolone,CC12CCC3C(C1CCC2(C)O)CCC4C3(COC(=O)C4)C
doxorubicin,CC1C(C(CC(O1)OC2CC(CC3=C2C(=C4C(=C3O)C(=O)C5=C(C4=O)C(=CC=C5)OC)O)(C(=O)CO)O)N)O
paclitaxel,CC1=C2C(C(=O)C3(C(CC4C(C3C(C(C2(C)C)(CC1OC(=O)C(C(C5=CC=CC=C5)NC(=O)C6=CC=CC=C6)O)O)OC(=O)C7=CC=CC=C7)(CO4)OC(=O)C)O)C)OC(=O)C
docetaxel,CC1=C2C(C(=O)C3(C(CC4C(C3C(C(C2(C)C)(CC1OC(=O)C(C(C5=CC=CC=C5)NC(=O)OC(C)(C)C)O)O)OC(=O)C6=CC=CC=C6)(CO4)OC(=O)C)O)C)O
cisplatin,N.N.Cl[Pt]Cl
carboplatin,C1CC(C1)(C(=O)O)C(=O)O.[NH2-].[NH2-].[Pt+2]
oxaliplatin,C1CCC(C(C1)[NH-])[NH-].C(=O)(C(=O)O)O.[Pt+2]
fluorouracil,C1=C(C(=O)NC(=O)N1)F
capecitabine,CCCCCOC(=O)NC1=NC(=O)N(C=C1F)C2C(C(C(O2)C)O)O
gemcitabine,C1=CN(C(=O)N=C1N)C2C(C(C(O2)CO)O)(F)F
cyclophosphamide,C1CNP(=O)(OC1)N(CCCl)CCCl
ifosfamide,C1CN(P(=O)(OC1)NCCCl)CCCl
etoposide,CC1OCC2C(O1)C(C(C(O2)OC3C4COC(=O)C4C(C5=CC6=C(C=C35)OCO6)C7=CC(=C(C(=C7)OC)O)OC)O)O
topotecan,CCC1(C2=C(COC1=O)C(=O)N3CC4=CC5=C(C=CC(=C5CN(C)C)O)N=C4C3=C2)O
irinotecan,CCC1=C2CN3C(=CC4=C(C3=O)COC(=O)C4(CC)O)C2=NC5=C1C=C(C=C5)OC(=O)N6CCC(CC6)N7CCCCC7
vincristine,CCC1(CC2CC(C3=C(CCN(C2)C1)C4=CC=CC=C4N3)(C5=C(C=C6C(=C5)C78CCN9C7C(C=CC9)(C(C(C8N6C=O)(C(=O)OC)O)OC(=O)C)CC)OC)C(=O)OC)O
vinblastine,CCC1(CC2CC(C3=C(CCN(C2)C1)C4=CC=CC=C4N3)(C5=C(C=C6C(=C5)C78CCN9C7C(C=CC9)(C(C(C8N6C)(C(=O)OC)O)OC(=O)C)CC)OC)C(=O)OC)O
vinorelbine,CCC1=CC2CC(C3=C(CN(C2)C1)C4=CC=CC=C4N3)(C5=C(C=C6C(=C5)C78CCN9C7C(C=CC9)(C(C(C8N6C)(C(=O)OC)O)OC(=O)C)CC)OC)C(=O)OC
imatinib,CC1=C(C=C(C=C1)NC(=O)C2=CC=C(C=C2)CN3CCN(CC3)C)NC4=NC=CC(=N4)C5=CN=CC=C5
erlotinib,COCCOC1=C(C=C2C(=C1)C(=NC=N2)NC3=CC=CC(=C3)C#C)OCCOC
gefitinib,COC1=C(C=C2C(=C1)N=CN=C2NC3=CC(=C(C=C3)F)Cl)OCCCN4CCOCC4
sunitinib,CCN(CC)CCNC(=O)C1=C(NC(=C1C)C=C2C3=C(C=CC(=C3)F)NC2=O)C
sorafenib,CNC(=O)C1=NC=CC(=C1)OC2=CC=C(C=C2)NC(=O)NC3=CC(=C(C=C3)Cl)C(F)(F)F
dasatinib,CC1=C(C(=CC=C1)Cl)NC(=O)C2=CN=C(S2)NC3=CC(=NC(=N3)C)N4CCN(CC4)CCO
tamoxifen,CCC(=C(C1=CC=CC=C1)C2=CC=C(C=C2)OCCN(C)C)C3=CC=CC=C3
letrozole,C1=CC(=CC=C1C#N)C(C2=CC=C(C=C2)C#N)N3C=NC=N3
anastrozole,CC(C)(C#N)C1=CC(=CC(=C1)CN2C=NC=N2)C(C)(C)C#N
exemestane,CC12CCC3C(C1CCC2=O)CC(=C)C4=CC(=O)C=CC34C
bicalutamide,CC(CS(=O)(=O)C1=CC=C(C=C1)F)(C(=O)NC2=CC(=C(C=C2)C#N)C(F)(F)F)O
temozolomide,CN1C(=O)N2C=NC(=C2N=N1)C(=O)N
methotrexate,CN(CC1=CN=C2C(=N1)C(=NC(=N2)N)N)C3=CC=C(C=C3)C(=O)NC(CCC(=O)O)C(=O)O
pemetrexed,C1=CC(=CC=C1CCC2=CNC3=C2C(=O)NC(=N3)N)C(=O)NC(CCC(=O)O)C(=O)O
raltitrexed,CC1=NC2=C(C=C(C=C2)CN(C)C3=CC=C(S3)C(=O)NC(CCC(=O)O)C(=O)O)C(=O)N1
dacarbazine,CN(C)N=NC1=C(NC=N1)C(=O)N
procarbazine,CC(C)NC(=O)C1=CC=C(C=C1)CNNC
lomustine,C1CCC(CC1)NC(=O)N(CCCl)N=O
carmustine,C(CCl)NC(=O)N(CCCl)N=O
busulfan,CS(=O)(=O)OCCCCOS(=O)(=O)C
melphalan,C1=CC(=CC=C1CC(C(=O)O)N)N(CCCl)CCCl
chlorambucil,C1=CC(=CC=C1CCCC(=O)O)N(CCCl)CCCl
fludarabine,C1=NC2=C(N=C(N=C2N1C3C(C(C(O3)CO)O)O)F)N
cyclosporine,CCC1C(=O)N(CC(=O)N(C(C(=O)NC(C(=O)N(C(C(=O)NC(C(=O)NC(C(=O)N(C(C(=O)N(C(C(=O)N(C(C(=O)N(C(C(=O)N1)C(C(C)CC=CC)O)C)C(C)C)C)CC(C)C)C)CC(C)C)C)C)C)CC(C)C)C)C(C)C)CC(C)C)C)C
tacrolimus,CC1CC(C2C(CC(C(O2)(C(=O)C(=O)N3CCCCC3C(=O)OC(C(C(CC(=O)C(C=C(C1)C)CC=C)O)C)C(=CC4CCC(C(C4)OC)O)C)O)C)OC)OC
sirolimus,CC1CCC2CC(C(=CC=CC=CC(CC(C(=O)C(C(C(=CC(C(=O)CC(OC(=O)C3CCCCN3C(=O)C(=O)C1(O2)O)C(C)CC4CCC(C(C4)OC)O)C)C)O)OC)C)C)C)OC
mycophenolate,CC1=C2COC(=O)C2=C(C(=C1OC)CC=C(C)CCC(=O)[O-])O
azathioprine,CN1C=NC(=C1SC2=NC=NC3=C2NC=N3)[N+](=O)[O-]
leflunomide,CC1=C(C=NO1)C(=O)NC2=CC=C(C=C2)C(F)(F)F
everolimus,CC1CCC2CC(C(=CC=CC=CC(CC(C(=O)C(C(C(=CC(C(=O)CC(OC(=O)C3CCCCN3C(=O)C(=O)C1(O2)O)C(C)CC4CCC(C(C4)OC)OCCO)C)C)O)OC)C)C)C)OC
mizoribine,C1=NC(=C(N1C2C(C(C(O2)CO)O)O)O)C(=O)N
loratadine,CCOC(=O)N1CCC(=C2C3=C(CCC4=C2N=CC=C4)C=C(C=C3)Cl)CC1
cetirizine,C1CN(CCN1CCOCC(=O)O)C(C2=CC=CC=C2)C3=CC=C(C=C3)Cl
fexofenadine,CC(C)(C1=CC=C(C=C1)C(CCCN2CCC(CC2)C(C3=CC=CC=C3)(C4=CC=CC=C4)O)O)C(=O)O
diphenhydramine,CN(C)CCOC(C1=CC=CC=C1)C2=CC=CC=C2
chlorpheniramine,CN(C)CCC(C1=CC=C(C=C1)Cl)C2=CC=CC=N2
promethazine,CC(CN1C2=CC=CC=C2SC3=CC=CC=C31)N(C)C
clemastine,CC(C1=CC=CC=C1)(C2=CC=C(C=C2)Cl)OCCC3CCCN3C
cyproheptadine,CN1CCC(=C2C3=CC=CC=C3C=CC4=CC=CC=C42)CC1
hydroxyzine,C1CN(CCN1CCOCCO)C(C2=CC=CC=C2)C3=CC=C(C=C3)Cl
dimenhydrinate,CN1C2=C(C(=O)N(C1=O)C)NC(=N2)Cl.CN(C)CCOC(C1=CC=CC=C1)C2=CC=CC=C2
rupatadine,CC1=CC(=CN=C1)CN2CCC(=C3C4=C(CCC5=C3N=CC=C5)C=C(C=C4)Cl)CC2
bilastine,CCOCCN1C2=CC=CC=C2N=C1C3CCN(CC3)CCC4=CC=C(C=C4)C(C)(C)C(=O)O
ebastine,CC(C)(C)C1=CC=C(C=C1)C(=O)CCCN2CCC(CC2)OC(C3=CC=CC=C3)C4=CC=CC=C4
terfenadine,CC(C)(C)C1=CC=C(C=C1)C(CCCN2CCC(CC2)C(C3=CC=CC=C3)(C4=CC=CC=C4)O)O
tadalafil,CN1CC(=O)N2C(C1=O)CC3=C(C2C4=CC5=C(C=C4)OCO5)NC6=CC=CC=C36
sildenafil,CCCC1=NN(C2=C1N=C(NC2=O)C3=C(C=CC(=C3)S(=O)(=O)N4CCN(CC4)C)OCC)C
vardenafil,CCCC1=NC(=C2N1N=C(NC2=O)C3=C(C=CC(=C3)S(=O)(=O)N4CCN(CC4)CC)OCC)C
finasteride,CC12CCC3C(C1CCC2C(=O)NC(C)(C)C)CCC4C3(C=CC(=O)N4)C
dutasteride,CC12CCC3C(C1CCC2C(=O)NC4=C(C=CC(=C4)C(F)(F)F)C(F)(F)F)CCC5C3(C=CC(=O)N5)C
oxybutynin,CCN(CC)CC#CCOC(=O)C(C1CCCCC1)(C2=CC=CC=C2)O
tolterodine,CC1=CC(=C(C=C1)O)C(CCN(C(C)C)C(C)C)C2=CC=CC=C2
solifenacin,C1CN2CCC1C(C2)OC(=O)N3CCC4=CC=CC=C4C3C5=CC=CC=C5
mirabegron,C1=CC=C(C=C1)C(CNCCC2=CC=C(C=C2)NC(=O)CC3=CSC(=N3)N)O
darifenacin,C1CN(CC1C(C2=CC=CC=C2)(C3=CC=CC=C3)C(=O)N)CCC4=CC5=C(C=C4)OCC5
granisetron,CN1C2CCCC1CC(C2)NC(=O)C3=NN(C4=CC=CC=C43)C
palonosetron,C1CC2CN(C(=O)C3=CC=CC(=C23)C1)C4CN5CCC4CC5
dolasetron,C1C2CC3CC(CC1N3CC2=O)OC(=O)C4=CNC5=CC=CC=C54
aprepitant,CC(C1=CC(=CC(=C1)C(F)(F)F)C(F)(F)F)OC2C(N(CCO2)CC3=NNC(=O)N3)C4=CC=C(C=C4)F
prochlorperazine,CN1CCN(CC1)CCCN2C3=CC=CC=C3SC4=C2C=C(C=C4)Cl
latanoprost,CC(C)OC(=O)CCCC=CCC1C(CC(C1CCC(CCC2=CC=CC=C2)O)O)O
bimatoprost,CCNC(=O)CCCC=CCC1C(CC(C1C=CC(CCC2=CC=CC=C2)O)O)O
travoprost,CC(C)OC(=O)CCCC=CCC1C(CC(C1C=CC(COC2=CC=CC(=C2)C(F)(F)F)O)O)O
brimonidine,C1CN=C(N1)NC2=C(C3=NC=CN=C3C=C2)Br
dorzolamide,CCNC1CC(S(=O)(=O)C2=C1C=C(S2)S(=O)(=O)N)C
hydroquinone,C1=CC(=CC=C1O)O
tretinoin,CC1=C(C(CCC1)(C)C)C=CC(=CC=CC(=CC(=O)O)C)C
isotretinoin,CC1=C(C(CCC1)(C)C)C=CC(=CC=CC(=CC(=O)O)C)C
acitretin,CC1=CC(=C(C(=C1C=CC(=CC=CC(=CC(=O)O)C)C)C)C)OC
calcipotriol,CC(C=CC(C1CC1)O)C2CCC3C2(CCCC3=CC=C4CC(CC(C4=C)O)O)C
propofol,CC(C)C1=C(C(=CC=C1)C(C)C)O
ketamine,CNC1(CCCCC1=O)C2=CC=CC=C2Cl
thiopental,CCCC(C)C1(C(=O)NC(=S)NC1=O)CC
sevoflurane,C(OC(C(F)(F)F)C(F)(F)F)F
isoflurane,C(C(F)(F)F)(OC(F)F)Cl
halothane,C(C(F)(F)F)(Cl)Br
bupivacaine,CCCCN1CCCCC1C(=O)NC2=C(C=CC=C2C)C
ropivacaine,CCCN1CCCCC1C(=O)NC2=C(C=CC=C2C)C
mepivacaine,CC1=C(C(=CC=C1)C)NC(=O)C2CCCCN2C
prilocaine,CCCNC(C)C(=O)NC1=CC=CC=C1C
thiamine,CC1=C(SC=[N+]1CC2=CN=C(N=C2N)C)CCO
riboflavin,CC1=CC2=C(C=C1C)N(C3=NC(=O)NC(=O)C3=N2)CC(C(C(CO)O)O)O
niacin,C1=CC(=CN=C1)C(=O)O
pyridoxine,CC1=NC=C(C(=C1O)CO)CO
cobalamin,CC1=CC2=C(C=C1C)N(C=N2)C3C(C(C(O3)CO)OP(=O)([O-])OC(C)CNC(=O)CCC4(C(C5C6(C(C(C(=N6)C(=C7C(C(C(=N7)C=C8C(C(C(=N8)C(=C4[N-]5)C)CCC(=O)N)(C)C)CCC(=O)N)(C)CC(=O)N)C)CCC(=O)N)(C)CC(=O)N)C)CC(=O)N)C)O.[Co+2]
folate,C1=CC(=CC=C1C(=O)NC(CCC(=O)O)C(=O)O)NCC2=CN=C3C(=N2)C(=O)NC(=N3)N
ascorbic acid,C(C(C1C(=C(C(=O)O1)O)O)O)O
cholecalciferol,CC(C)CCCC(C)C1CCC2C1(CCCC2=CC=C3CC(CCC3=C)O)C
retinol,CC1=C(C(CCC1)(C)C)C=CC(=CC=CC(=CCO)C)C
tocopherol,CC1=C(C=C2CCC(OC2=C1C)(C)CCCC(C)CCCC(C)CCCC(C)C)O
colchicine,CC(=O)NC1CCC2=CC(=C(C(=C2C3=CC=C(C(=O)C=C13)OC)OC)OC)OC
allopurinol,C1=NNC2=C1C(=O)NC=N2
febuxostat,CC1=C(SC(=N1)C2=CC(=C(C=C2)OCC(C)C)C#N)C(=O)O
probenecid,CCCN(CCC)S(=O)(=O)C1=CC=C(C=C1)C(=O)O
sulfinpyrazone,C1=CC=C(C=C1)N2C(=O)C(C(=O)N2C3=CC=CC=C3)CCS(=O)C4=CC=CC=C4
penicillamine,CC(C)(C(C(=O)O)N)S
dimercaprol,C(C(CS)S)O
deferoxamine,CC(=O)N(CCCCCNC(=O)CCC(=O)N(CCCCCNC(=O)CCC(=O)N(CCCCCN)O)O)O
pralidoxime,C[N+]1=CC=CC=C1C=NO
edetate,C(CN(CC(=O)[O-])CC(=O)[O-])N(CC(=O)[O-])CC(=O)[O-].[Na+].[Na+].[Na+].[Na+]
chlordiazepoxide,CN=C1CN(C(=C2C=C(C=CC2=N1)Cl)C3=CC=CC=C3)O
armodafinil,C1=CC=C(C=C1)C(C2=CC=CC=C2)S(=O)CC(=O)N
omeprazole,CC1=CN=C(C(=C1OC)C)CS(=O)C2=NC3=C(N2)C=C(C=C3)OC
